{"cameraMode":{"drawMode":0,"name":"Shaded","section":"Shading Mode"},"sceneLighting":false,"audioPlay":false,"sceneViewState":{"showFog":true,"showMaterialUpdate":true,"showSkybox":false,"showFlares":true,"showImageEffects":true,"showParticleSystems":true},"in2DMode":false,"pivot":{"x":-4.746125221252441,"y":-3.0284628868103029,"z":-5.691191673278809},"rotation":{"x":0.19013595581054688,"y":-0.0832374319434166,"z":0.016181165352463723,"w":0.9780917167663574},"size":5.2623491287231449,"orthographic":false}