{"cameraMode":{"drawMode":0,"name":"Shaded","section":"Shading Mode"},"sceneLighting":true,"audioPlay":false,"sceneViewState":{"showFog":true,"showMaterialUpdate":true,"showSkybox":true,"showFlares":true,"showImageEffects":true,"showParticleSystems":true},"in2DMode":false,"pivot":{"x":-2.179708480834961,"y":-2.3244895935058595,"z":2.8571033477783205},"rotation":{"x":0.32586389780044558,"y":-0.07448595017194748,"z":0.025763623416423799,"w":0.9421286582946777},"size":131.71536254882813,"orthographic":false}