{"cameraMode":{"drawMode":0,"name":"Shaded","section":"Shading Mode"},"sceneLighting":true,"audioPlay":false,"sceneViewState":{"showFog":true,"showMaterialUpdate":true,"showSkybox":true,"showFlares":true,"showImageEffects":true,"showParticleSystems":true},"in2DMode":false,"pivot":{"x":-2.7558846473693849,"y":6.081914901733398,"z":-5.866147994995117},"rotation":{"x":0.07881072908639908,"y":-0.8863099217414856,"z":0.16402991116046906,"w":0.42584195733070376},"size":21.748722076416017,"orthographic":true}