{"cameraMode":{"drawMode":0,"name":"Shaded","section":"Shading Mode"},"sceneLighting":false,"audioPlay":false,"sceneViewState":{"showFog":true,"showMaterialUpdate":false,"showSkybox":false,"showFlares":true,"showImageEffects":true,"showParticleSystems":true},"in2DMode":false,"pivot":{"x":10.809785842895508,"y":3.3654537200927736,"z":-10.309759140014649},"rotation":{"x":0.33077242970466616,"y":-0.05910911411046982,"z":0.02076314203441143,"w":0.9416365027427673},"size":21.798120498657228,"orthographic":false}